32.7 % of all households were made up of individuals and 15.7 % had someone living alone who was 65 years of age or older .	were made up of	32.7 % of all households	individuals
32.7 % of all households were made up of individuals and 15.7 % had someone living alone who was 65 years of age or older .	had	15.7 % of all households	someone living alone who was 65 years of age or older
A CEN forms an important but small part of a Local Strategic Partnership .	forms	A CEN	an important part of a Local Strategic Partnership
A CEN forms an important but small part of a Local Strategic Partnership .	forms	A CEN	a small part of a Local Strategic Partnership
A CEN forms an important but small part of a Local Strategic Partnership .	is	a Strategic Partnership	Local
A Democrat , he became the youngest mayor in Pittsburgh 's history in September 2006 at the age of 26 .	became	he	the youngest mayor in  Pittsburgh 's history
A Democrat , he became the youngest mayor in Pittsburgh 's history in September 2006 at the age of 26 .	was	he	A Democrat
A Democrat , he became the youngest mayor in Pittsburgh 's history in September 2006 at the age of 26 .	was	the youngest mayor in Pittsburgh 's history	A Democrat
A Democrat , he became the youngest mayor in Pittsburgh 's history in September 2006 at the age of 26 .	became	he	the youngest mayor in the history of
A Democrat , he became the youngest mayor in Pittsburgh 's history in September 2006 at the age of 26 .	became the youngest mayor in Pittsburgh 's history at	he	the age of 26
A Democrat , he became the youngest mayor in Pittsburgh 's history in September 2006 at the age of 26 .	was	the youngest mayor in Pittsburgh 's history	26
A cafeteria is also located on the sixth floor , a chapel on the 14th floor , and a study hall on the 15th floor .	is also located	A cafeteria	on the sixth floor
A cafeteria is also located on the sixth floor , a chapel on the 14th floor , and a study hall on the 15th floor .	is located	a chapel	on the 14th floor
A cafeteria is also located on the sixth floor , a chapel on the 14th floor , and a study hall on the 15th floor .	is located	a study hall	on the 15th floor
A common name , logo , and programming schedule followed in 1982 , with the establishment of the `` TV8 '' network between the three stations , changed to the `` Southern Cross Network '' seven years later .	was followed with the establishment of the	A common name , logo , and programming schedule	`` TV8 '' network between the three stations
A common name , logo , and programming schedule followed in 1982 , with the establishment of the `` TV8 '' network between the three stations , changed to the `` Southern Cross Network '' seven years later .	changed to the	the `` TV8 '' network	`` Southern Cross Network ''
A common name , logo , and programming schedule followed in 1982 , with the establishment of the `` TV8 '' network between the three stations , changed to the `` Southern Cross Network '' seven years later .	was establishment	`` TV8 '' network	between the three stations
A common name , logo , and programming schedule followed in 1982 , with the establishment of the `` TV8 '' network between the three stations , changed to the `` Southern Cross Network '' seven years later .	was the established common name between	`` TV8 '' network	the three stations
A cooling center is a temporary air-conditioned public space set up by local authorities to deal with the health effects of a heat wave .	is a temporary	A cooling center	air-conditioned public space set up by local authorities to deal with the health effects of a heat wave
A cooling center is a temporary air-conditioned public space set up by local authorities to deal with the health effects of a heat wave .	is a temporary air-conditioned public space set up by	A cooling center	local authorities to deal with the health effects of a heat wave
A cooling center is a temporary air-conditioned public space set up by local authorities to deal with the health effects of a heat wave .	is set up by	A cooling center	local authorities
A cooling center is a temporary air-conditioned public space set up by local authorities to deal with the health effects of a heat wave .	to deal with the	local authorities set up a cooling center	health effects of a heat wave
A manifold is `` prime '' if it can not be presented as a connected sum of more than one manifold , none of which is the sphere of the same dimension .	is `` prime ''	A manifold	if it can not be presented as a connected sum  of more than one manifold , none of which is the sphere of the same dimension
A manifold is `` prime '' if it can not be presented as a connected sum of more than one manifold , none of which is the sphere of the same dimension .	can not be presented as a connected sum of	a `` prime '' manifold	more than one manifold , none of which is the sphere of the same dimension
A manifold is `` prime '' if it can not be presented as a connected sum of more than one manifold , none of which is the sphere of the same dimension .	is not the	A `` prime '' manifold , a connected sum of more than one manifold ,	sphere of the same dimension
A mid-March 2002 court order to stop printing for three months , was evaded by printing under other titles , such as `` Not That Respublika '' .	was evaded by printing under	A mid-March 2002 court order to stop printing for three months ,	other titles , such as `` Not That Respublika ''
A mid-March 2002 court order to stop printing for three months , was evaded by printing under other titles , such as `` Not That Respublika '' .	ordered to stop printing	court	for three months
A mid-March 2002 court order to stop printing for three months , was evaded by printing under other titles , such as `` Not That Respublika '' .	was under	`` Not That Respublika ''	other titles
A motorcycle speedway long-track meeting , one of the few held in the UK , was staged at Ammanford .	was	A motorcycle speedway long-track meeting	one of the few held in the UK ,
A motorcycle speedway long-track meeting , one of the few held in the UK , was staged at Ammanford .	was staged at Ammanford,	A motorcycle speedway long-track meeting	one of the few held in the
A motorcycle speedway long-track meeting , one of the few held in the UK , was staged at Ammanford .	are held in	few long-track motorcycle speedway meetings	the UK
A motorcycle speedway long-track meeting , one of the few held in the UK , was staged at Ammanford .	was a	the motorcycle speedway meeting	long-track meeting held in the UK ,
A partial list of turbomachinery that may use one or more centrifugal compressors within the machine are listed here .	are listed	A partial list of turbomachinery that may use one or more centrifugal compressors within the machine	here
A partial list of turbomachinery that may use one or more centrifugal compressors within the machine are listed here .	is of	A partial list	turbomachinery that may use one or more centrifugal compressors within the machine
A partial list of turbomachinery that may use one or more centrifugal compressors within the machine are listed here .	may use	turbomachinery	one or more centrifugal compressors
A short distance to the east , NC 111 diverges on Greenwood Boulevard .	diverges on	NC 111	Greenwood Boulevard
A spectrum from a single FID has a low signal-to-noise ratio , but fortunately it improves readily with averaging of repeated acquisitions .	has	A spectrum from a single FID	a low signal-to-noise ratio
A spectrum from a single FID has a low signal-to-noise ratio , but fortunately it improves readily with averaging of repeated acquisitions .	improves readily with averaging of	signal-to-noise ratio	repeated acquisitions
According to Samaritan tradition , however , the Samaritan ethnonym is not derived from the region of Samaria , but from the fact that they were the `` Guardians '' of the true Israelite religion .	According to Samaritan tradition is derived from	the Samaritan ethnonym	the fact that they were the `` Guardians '' of the true Israelite religion
According to Samaritan tradition , however , the Samaritan ethnonym is not derived from the region of Samaria , but from the fact that they were the `` Guardians '' of the true Israelite religion .	According to Samaritan tradition is not derived from	the Samaritan ethnonym	the region of Samaria
According to Samaritan tradition , however , the Samaritan ethnonym is not derived from the region of Samaria , but from the fact that they were the `` Guardians '' of the true Israelite religion .	were the `` Guardians '' of	the Samaritans	the true Israelite religion
According to Samaritan tradition , however , the Samaritan ethnonym is not derived from the region of Samaria , but from the fact that they were the `` Guardians '' of the true Israelite religion .	is	Samaritan	an ethnonym
According to Samaritan tradition , however , the Samaritan ethnonym is not derived from the region of Samaria , but from the fact that they were the `` Guardians '' of the true Israelite religion .	is	Samaria	a region
According to the 2010 census , the population of the town is 2,310 .	According to the 2010 census is	the population of the town	2,310
According to the 2010 census , the population of the town is 2,310 .	is	the population of	2,310
According to the 2010 census , the population of the town is 2,310 .	was in	the census	2010
According to the indictment , Gonzalez is accused of defrauding the West Bronx Neighborhood Association Inc. , a not-for-profit corporation , by using funds donated to the organization in order to pay for over $ 37,000 in personal expenses .	is accused of defrauding	Gonzalez	the West Bronx Neighborhood Association Inc.
According to the indictment , Gonzalez is accused of defrauding the West Bronx Neighborhood Association Inc. , a not-for-profit corporation , by using funds donated to the organization in order to pay for over $ 37,000 in personal expenses .	is accused of defrauding the West Bronx Neighborhood Association Inc by	Gonzalez	using funds donated to the organization in order to pay for over $ 37,000 in personal expenses
After 1895 cable hauling ceased and locomotives pulled trains the whole length of the Victoria and Waterloo tunnels .	ceased	cable hauling	After 1895
After 1895 cable hauling ceased and locomotives pulled trains the whole length of the Victoria and Waterloo tunnels .	pulled	locomotives	trains
After 1895 cable hauling ceased and locomotives pulled trains the whole length of the Victoria and Waterloo tunnels .	is in	a tunnel	Victoria
After 1895 cable hauling ceased and locomotives pulled trains the whole length of the Victoria and Waterloo tunnels .	is in	a tunnel	Waterloo
After five years of searching , the Colonials found a primitive , lush and vibrant new world and named it Earth .	found	the Colonials	a primitive , lush and vibrant new world
After five years of searching , the Colonials found a primitive , lush and vibrant new world and named it Earth .	named a new world	the Colonials	Earth
After five years of searching , the Colonials found a primitive , lush and vibrant new world and named it Earth .	was	the new world	primitive
After five years of searching , the Colonials found a primitive , lush and vibrant new world and named it Earth .	was	the new world	vibrant
After five years of searching , the Colonials found a primitive , lush and vibrant new world and named it Earth .	was	the new world	lush
After five years of searching , the Colonials found a primitive , lush and vibrant new world and named it Earth .	was	the new world	Earth
After five years of searching , the Colonials found a primitive , lush and vibrant new world and named it Earth .	were searching	the Colonials	five years
After the battle , Battra rested in the Arctic Ocean , whereas Mothra retired to Infant Island , accompanied by the two Cosmos .	rested in	Battra	the Arctic Ocean
After the battle , Battra rested in the Arctic Ocean , whereas Mothra retired to Infant Island , accompanied by the two Cosmos .	retired to	Mothra	Infant Island
After the battle , Battra rested in the Arctic Ocean , whereas Mothra retired to Infant Island , accompanied by the two Cosmos .	was accompanied by	Mothra	the two Cosmos
After this point many of the republicans were arrested in Free State `` round ups '' when they had come out of hiding and returned home .	were arrested in	many of the republicans	Free State `` round ups ''
After this point many of the republicans were arrested in Free State `` round ups '' when they had come out of hiding and returned home .	had come out of	many of the republicans	hiding
After this point many of the republicans were arrested in Free State `` round ups '' when they had come out of hiding and returned home .	had returned	many of the republicans	home
Although Knievel broke his arms , he was more distraught over a permanent injury his accident caused to the cameraman .	broke	Knievel	his arms
Although Knievel broke his arms , he was more distraught over a permanent injury his accident caused to the cameraman .	was more distraught over	Knievel	a permanent injury his accident caused to the cameraman
Although Knievel broke his arms , he was more distraught over a permanent injury his accident caused to the cameraman .	caused	Knievel's accident	permanent injury to the cameraman
Although under constant attack from kamikazes as well as fighters and dive-bombers , `` Hazelwood '' came through the invasion untouched and on the night of 25 February sank two small enemy freighters with her guns .	was under constant attack from	`` Hazelwood ''	kamikazes
Although under constant attack from kamikazes as well as fighters and dive-bombers , `` Hazelwood '' came through the invasion untouched and on the night of 25 February sank two small enemy freighters with her guns .	was under constant attack from	`` Hazelwood ''	fighters
Although under constant attack from kamikazes as well as fighters and dive-bombers , `` Hazelwood '' came through the invasion untouched and on the night of 25 February sank two small enemy freighters with her guns .	was under constant attack from	`` Hazelwood ''	dive-bombers
Although under constant attack from kamikazes as well as fighters and dive-bombers , `` Hazelwood '' came through the invasion untouched and on the night of 25 February sank two small enemy freighters with her guns .	came through untouched	`` Hazelwood ''	the invasion
Although under constant attack from kamikazes as well as fighters and dive-bombers , `` Hazelwood '' came through the invasion untouched and on the night of 25 February sank two small enemy freighters with her guns .	sank with her guns	`` Hazelwood ''	two small enemy freighters
An animal that cares for its young but shows no other sociality traits is said to be `` subsocial '' .	is said to be	An animal that cares for its young but shows no other sociality traits	`` subsocial ''
An original limited artist edition of 250 was published in 1989 and was an oversized fine press slip-cased book with stainless steel faced boards and digital clock inset into the front cover .	was published	An original limited artist edition of 250	in 1989
An original limited artist edition of 250 was published in 1989 and was an oversized fine press slip-cased book with stainless steel faced boards and digital clock inset into the front cover .	was	An original limited artist edition of 250	an oversized fine press slip-cased book with stainless steel faced boards and digital clock inset into the front cover
An original limited artist edition of 250 was published in 1989 and was an oversized fine press slip-cased book with stainless steel faced boards and digital clock inset into the front cover .	was inset into	a digital clock	the front cover
An original limited artist edition of 250 was published in 1989 and was an oversized fine press slip-cased book with stainless steel faced boards and digital clock inset into the front cover .	had	an oversized fine press slip-cased book	stainless steel faced boards
An original limited artist edition of 250 was published in 1989 and was an oversized fine press slip-cased book with stainless steel faced boards and digital clock inset into the front cover .	had	an oversized fine press slip-cased book	a digital clock inset into the front cover
And ABS has formed a partnership with Habitat for Humanity to give a free Bible to each of its new homeowners in the United States .	has formed a partnership with	ABS	Habitat for Humanity
And ABS has formed a partnership with Habitat for Humanity to give a free Bible to each of its new homeowners in the United States .	has formed a partnership to give a free Bible to	ABS	each of its new homeowners in the United States
And ABS has formed a partnership with Habitat for Humanity to give a free Bible to each of its new homeowners in the United States .	will be given to	a free Bible	each of Habitat for Humanity's new homeowners
And he was in Ali 's army in the Battle of Jamal and later it was Muhammad ibn Abu Bakr who escorted Aisha back to Madina .	was	he	in Ali 's army
And he was in Ali 's army in the Battle of Jamal and later it was Muhammad ibn Abu Bakr who escorted Aisha back to Madina .	was	he	in the Battle of Jamal
And he was in Ali 's army in the Battle of Jamal and later it was Muhammad ibn Abu Bakr who escorted Aisha back to Madina .	was	Ali 's army	in the Battle of Jamal
And he was in Ali 's army in the Battle of Jamal and later it was Muhammad ibn Abu Bakr who escorted Aisha back to Madina .	escorted	Muhammad ibn Abu Bakr	Aisha
And he was in Ali 's army in the Battle of Jamal and later it was Muhammad ibn Abu Bakr who escorted Aisha back to Madina .	was	he	Muhammad ibn Abu Bakr
Andrea Bianco 's atlas of 1436 comprises ten leaves of vellum , measuring , in an 18th-century binding .	has	Andrea Bianco	atlas of 1436
Andrea Bianco 's atlas of 1436 comprises ten leaves of vellum , measuring , in an 18th-century binding .	comprises	Andrea Bianco 's atlas of 1436	ten leaves of vellum
Andrea Bianco 's atlas of 1436 comprises ten leaves of vellum , measuring , in an 18th-century binding .	is in	Andrea Bianco 's atlas of 1436	an 18th-century binding
Andrea Bianco 's atlas of 1436 comprises ten leaves of vellum , measuring , in an 18th-century binding .	is	Andrea Bianco 's atlas	of 1436
Andrea Bianco 's atlas of 1436 comprises ten leaves of vellum , measuring , in an 18th-century binding .	was bound	Andrea Bianco 's atlas of 1436	in 18th-century
Apartment buildings , shops , medical clinics , cinemas etc. were built in close proximity to the MAZ plant , providing plant workers with local necessities .	were built	Apartment buildings	in close proximity to the MAZ plant
Apartment buildings , shops , medical clinics , cinemas etc. were built in close proximity to the MAZ plant , providing plant workers with local necessities .	were built	medical clinics	in close proximity to the MAZ plant
Apartment buildings , shops , medical clinics , cinemas etc. were built in close proximity to the MAZ plant , providing plant workers with local necessities .	were built	shops	in close proximity to the MAZ plant
Apartment buildings , shops , medical clinics , cinemas etc. were built in close proximity to the MAZ plant , providing plant workers with local necessities .	were built	cinemas	in close proximity to the MAZ plant
Apartment buildings , shops , medical clinics , cinemas etc. were built in close proximity to the MAZ plant , providing plant workers with local necessities .	were providing with local necessities	Apartment buildings	plant workers
Apartment buildings , shops , medical clinics , cinemas etc. were built in close proximity to the MAZ plant , providing plant workers with local necessities .	were providing with local necessities	shops	plant workers
Apartment buildings , shops , medical clinics , cinemas etc. were built in close proximity to the MAZ plant , providing plant workers with local necessities .	were providing with local necessities	medical clinics	plant workers
Apartment buildings , shops , medical clinics , cinemas etc. were built in close proximity to the MAZ plant , providing plant workers with local necessities .	were providing with local necessities	cinemas	plant workers
Applications can use this service to record activity for a production system while implementations of other OSIDs can use the service to record detailed data during development , debugging , or analyzing performance .	can use this service to record	Applications	activity for a production system
Applications can use this service to record activity for a production system while implementations of other OSIDs can use the service to record detailed data during development , debugging , or analyzing performance .	can use the service to record	implementations of other OSIDs	detailed data
Applications can use this service to record activity for a production system while implementations of other OSIDs can use the service to record detailed data during development , debugging , or analyzing performance .	can use the service to record detailed data	implementations of other OSIDs	during analyzing performance
Applying this technique facilitates the connection of the center of the foot with the lower abdomen .	facilitates	Applying this technique	the connection of the center of the foot with the lower abdomen
As a group , the team was enshrined into the Basketball Hall of Fame in 1959 .	was enshrined into	the team	the Basketball Hall of Fame
As a group , the team was enshrined into the Basketball Hall of Fame in 1959 .	was enshrined As	the team	a group
As a result , it becomes clear that the microbe can not survive outside a narrow pH range .	can not survive outside	the microbe	a narrow pH range
As a result , it becomes clear that the microbe can not survive outside a narrow pH range .	becomes clear that	it	the microbe can not survive outside a narrow pH range
As a result , the lower river had to be dredged three times in two years .	had to be dredged three times	the lower river	in two years
As early as the 15th century , the French kings sent commissioners to the provinces to inspect on royal and administrative affairs and to take necessary action .	sent commissioners to the provinces to inspect on	the French kings	royal and administrative affairs
As early as the 15th century , the French kings sent commissioners to the provinces to inspect on royal and administrative affairs and to take necessary action .	sent commissioners to the provinces to take	the French kings	necessary action
As early as the 15th century , the French kings sent commissioners to the provinces to inspect on royal and administrative affairs and to take necessary action .	were sent to	commissioners	the provinces
As in his first novel , Armah contrasts the two worlds of materialism and moral values , corruption and dreams , two worlds of integrity and social pressure .	contrasts	Armah	materialism
As in his first novel , Armah contrasts the two worlds of materialism and moral values , corruption and dreams , two worlds of integrity and social pressure .	contrasts	Armah	moral values
As in his first novel , Armah contrasts the two worlds of materialism and moral values , corruption and dreams , two worlds of integrity and social pressure .	contrasts	Armah	the two worlds
As in his first novel , Armah contrasts the two worlds of materialism and moral values , corruption and dreams , two worlds of integrity and social pressure .	is	materialism	a world
As in his first novel , Armah contrasts the two worlds of materialism and moral values , corruption and dreams , two worlds of integrity and social pressure .	are	moral values	a world
As in his first novel , Armah contrasts the two worlds of materialism and moral values , corruption and dreams , two worlds of integrity and social pressure .	contrasts	Armah	corruption
As in his first novel , Armah contrasts the two worlds of materialism and moral values , corruption and dreams , two worlds of integrity and social pressure .	contrasts	Armah	dreams
As in his first novel , Armah contrasts the two worlds of materialism and moral values , corruption and dreams , two worlds of integrity and social pressure .	is	corruption	a world
As in his first novel , Armah contrasts the two worlds of materialism and moral values , corruption and dreams , two worlds of integrity and social pressure .	are	dreams	a world
As in his first novel , Armah contrasts the two worlds of materialism and moral values , corruption and dreams , two worlds of integrity and social pressure .	contrasts	Armah	integrity
As in his first novel , Armah contrasts the two worlds of materialism and moral values , corruption and dreams , two worlds of integrity and social pressure .	contrasts	Armah	social pressure
As in his first novel , Armah contrasts the two worlds of materialism and moral values , corruption and dreams , two worlds of integrity and social pressure .	is	integrity	a world
As in his first novel , Armah contrasts the two worlds of materialism and moral values , corruption and dreams , two worlds of integrity and social pressure .	is	social pressure	a world
As in his first novel , Armah contrasts the two worlds of materialism and moral values , corruption and dreams , two worlds of integrity and social pressure .	contrasts the two worlds of	Armah	materialism and moral values
As in his first novel , Armah contrasts the two worlds of materialism and moral values , corruption and dreams , two worlds of integrity and social pressure .	contrasts the two worlds of	Armah	corruption and dreams
As in his first novel , Armah contrasts the two worlds of materialism and moral values , corruption and dreams , two worlds of integrity and social pressure .	contrasts the two worlds of	Armah	integrity and social pressure
As in his first novel , Armah contrasts the two worlds of materialism and moral values , corruption and dreams , two worlds of integrity and social pressure .	has	Armah	his first novel
As is true for all sensors , absolute accuracy of a measurement requires a functionality for calibration .	requires a functionality for	absolute accuracy of a measurement	calibration
As is true for all sensors , absolute accuracy of a measurement requires a functionality for calibration .	is true for	absolute accuracy of a measurement requires a functionality for calibration	all sensors
As of `` A Wind in the Door '' , Sandy aspires to become a banker , on the grounds that it is practical and lucrative .	aspires to become	Sandy	a banker
As of `` A Wind in the Door '' , Sandy aspires to become a banker , on the grounds that it is practical and lucrative .	is	to become a banker	practical
As of `` A Wind in the Door '' , Sandy aspires to become a banker , on the grounds that it is practical and lucrative .	is	to become a banker	lucrative
As of `` A Wind in the Door '' , Sandy aspires to become a banker , on the grounds that it is practical and lucrative .	is in	Sandy	`` A Wind in the Door ''
As part of several efforts to have the Gypsy Horse recognized as a breed outside the Romanichal community , a more descriptive name was sought for it , starting in the 1990s .	was sought for	a more descriptive name	the Gypsy Horse
As part of several efforts to have the Gypsy Horse recognized as a breed outside the Romanichal community , a more descriptive name was sought for it , starting in the 1990s .	was sought As	a more descriptive name	part of several efforts to have the Gypsy Horse recognized as a breed outside the Romanichal community
As part of several efforts to have the Gypsy Horse recognized as a breed outside the Romanichal community , a more descriptive name was sought for it , starting in the 1990s .	were to have recognized	several efforts	the Gypsy Horse as a breed outside the Romanichal community
As part of several efforts to have the Gypsy Horse recognized as a breed outside the Romanichal community , a more descriptive name was sought for it , starting in the 1990s .	is recognized as a breed	the Gypsy Horse	in the Romanichal community
Assisting in the recording process were Fernando Cabello and two friends of the group , Eva Dalda and Lydia Iovanne .	was Assisting in	Fernando Cabello	the recording process
Assisting in the recording process were Fernando Cabello and two friends of the group , Eva Dalda and Lydia Iovanne .	was Assisting in	Eva Dalda	the recording process
Assisting in the recording process were Fernando Cabello and two friends of the group , Eva Dalda and Lydia Iovanne .	was Assisting in	Lydia Iovanne	the recording process
Assisting in the recording process were Fernando Cabello and two friends of the group , Eva Dalda and Lydia Iovanne .	was	Eva Dalda	a friend of the group
Assisting in the recording process were Fernando Cabello and two friends of the group , Eva Dalda and Lydia Iovanne .	was	Lydia Iovanne	a friend of the group
At a presentation in the Toronto Pearson International Airport hangar , Celine Dion helped the newly solvent airline debut its new image .	helped debut	Celine Dion	the newly solvent airline's new image
At a presentation in the Toronto Pearson International Airport hangar , Celine Dion helped the newly solvent airline debut its new image .	was in	a presentation	the Toronto Pearson International Airport hangar
At a presentation in the Toronto Pearson International Airport hangar , Celine Dion helped the newly solvent airline debut its new image .	was	the airline	solvent
At a presentation in the Toronto Pearson International Airport hangar , Celine Dion helped the newly solvent airline debut its new image .	has	the newly solvent airline	a new image
At a presentation in the Toronto Pearson International Airport hangar , Celine Dion helped the newly solvent airline debut its new image .	is in	Pearson International Airport	Toronto
At least 11 villagers disappeared and 8 people were killed in the ensuing tsunami , two of which are prisoners at one of the Permisan prisons .	disappeared in	At least 11 villagers	the ensuing tsunami
At least 11 villagers disappeared and 8 people were killed in the ensuing tsunami , two of which are prisoners at one of the Permisan prisons .	were killed in	8 people	the ensuing tsunami
At least 11 villagers disappeared and 8 people were killed in the ensuing tsunami , two of which are prisoners at one of the Permisan prisons .	are	two of 8 people killed in the ensuing tsunami	prisoners at one of the Permisan prisons
At least 11 villagers disappeared and 8 people were killed in the ensuing tsunami , two of which are prisoners at one of the Permisan prisons .	are at	prisoners	Permisan prisons
At least 11 villagers disappeared and 8 people were killed in the ensuing tsunami , two of which are prisoners at one of the Permisan prisons .	was	the tsunami	ensuing
At no cost to the parents , these services are provided in compliance with state and federal law ; and are reasonably calculated to yield meaningful educational benefit and student progress .	are provided in compliance with	these services	state law
At no cost to the parents , these services are provided in compliance with state and federal law ; and are reasonably calculated to yield meaningful educational benefit and student progress .	are provided in compliance with	these services	federal law
At no cost to the parents , these services are provided in compliance with state and federal law ; and are reasonably calculated to yield meaningful educational benefit and student progress .	are provided At no cost to	these services	the parents
At no cost to the parents , these services are provided in compliance with state and federal law ; and are reasonably calculated to yield meaningful educational benefit and student progress .	are reasonably calculated to yield	these services	meaningful educational benefit
At no cost to the parents , these services are provided in compliance with state and federal law ; and are reasonably calculated to yield meaningful educational benefit and student progress .	are reasonably calculated to yield	these services	meaningful student progress
At one point , Ballard is nearly possessed , but resists when she is given a drug and discovers that the spirits are attacking them as they believe that the humans are invaders and plan to exterminate the humans on Mars .	is nearly possessed	Ballard	At one point
At one point , Ballard is nearly possessed , but resists when she is given a drug and discovers that the spirits are attacking them as they believe that the humans are invaders and plan to exterminate the humans on Mars .	resists	Ballard	when she is given a drug
At one point , Ballard is nearly possessed , but resists when she is given a drug and discovers that the spirits are attacking them as they believe that the humans are invaders and plan to exterminate the humans on Mars .	is given	Ballard	a drug
At one point , Ballard is nearly possessed , but resists when she is given a drug and discovers that the spirits are attacking them as they believe that the humans are invaders and plan to exterminate the humans on Mars .	discovers that the spirits are attacking them as they believe that	Ballard	the humans are invaders
At one point , Ballard is nearly possessed , but resists when she is given a drug and discovers that the spirits are attacking them as they believe that the humans are invaders and plan to exterminate the humans on Mars .	discovers that the spirits are attacking them as they believe that	Ballard	the humans plan to exterminate the humans on Mars
At one point , Ballard is nearly possessed , but resists when she is given a drug and discovers that the spirits are attacking them as they believe that the humans are invaders and plan to exterminate the humans on Mars .	are on	humans	Mars
At one point , Ballard is nearly possessed , but resists when she is given a drug and discovers that the spirits are attacking them as they believe that the humans are invaders and plan to exterminate the humans on Mars .	are attacking	the spirits	them
At one point , Ballard is nearly possessed , but resists when she is given a drug and discovers that the spirits are attacking them as they believe that the humans are invaders and plan to exterminate the humans on Mars .	believe that	the spirits	the humans are invaders
At one point , Ballard is nearly possessed , but resists when she is given a drug and discovers that the spirits are attacking them as they believe that the humans are invaders and plan to exterminate the humans on Mars .	believe that	the spirits	the humans plan to exterminate the humans on Mars
Barbara , however , unable to leave behind her vigilante life , fought a mugger and ultimately miscarried her child .	is unable to leave behind	Barbara	her vigilante life
Barbara , however , unable to leave behind her vigilante life , fought a mugger and ultimately miscarried her child .	fought	Barbara	a mugger
Barbara , however , unable to leave behind her vigilante life , fought a mugger and ultimately miscarried her child .	miscarried	Barbara	her child
Barbara , however , unable to leave behind her vigilante life , fought a mugger and ultimately miscarried her child .	had	Barbara	a child
Barbara , however , unable to leave behind her vigilante life , fought a mugger and ultimately miscarried her child .	had	Barbara	a vigilante life
Because Yesler Way marks the boundary between two different plats , the street grid north of Yesler does not line up with the neighborhood 's other streets , so the northern `` border '' of the district zigzags along numerous streets .	marks the boundary between	Yesler Way	two different plats
Because Yesler Way marks the boundary between two different plats , the street grid north of Yesler does not line up with the neighborhood 's other streets , so the northern `` border '' of the district zigzags along numerous streets .	is	the boundary	between two different plats
Because Yesler Way marks the boundary between two different plats , the street grid north of Yesler does not line up with the neighborhood 's other streets , so the northern `` border '' of the district zigzags along numerous streets .	does not line up with	the street grid north of Yesler	the neighborhood 's other streets
Because Yesler Way marks the boundary between two different plats , the street grid north of Yesler does not line up with the neighborhood 's other streets , so the northern `` border '' of the district zigzags along numerous streets .	is	the street grid	north of Yesler
Because Yesler Way marks the boundary between two different plats , the street grid north of Yesler does not line up with the neighborhood 's other streets , so the northern `` border '' of the district zigzags along numerous streets .	are in	the other streets	the neighborhood
Because Yesler Way marks the boundary between two different plats , the street grid north of Yesler does not line up with the neighborhood 's other streets , so the northern `` border '' of the district zigzags along numerous streets .	zigzags along	the northern `` border '' of the district	numerous streets
Because Yesler Way marks the boundary between two different plats , the street grid north of Yesler does not line up with the neighborhood 's other streets , so the northern `` border '' of the district zigzags along numerous streets .	is in	the `` border '' of the district	the north
Because of Muhammad 's role in its formation , the alliance plays a significant role in Islamic ethics .	plays a significant role in	the alliance	Islamic ethics
Because of Muhammad 's role in its formation , the alliance plays a significant role in Islamic ethics .	had a role in the formation of	Muhammad	the alliance
Because of Muhammad 's role in its formation , the alliance plays a significant role in Islamic ethics .	plays a significant role in Islamic ethics Because of	the alliance	Muhammad 's role in its formation
Because of his talents and training , Beast can outperform any Olympic-level athlete , contorting his body and performing aerial feats gracefully .	can outperform	Beast	any Olympic-level athlete
Because of his talents and training , Beast can outperform any Olympic-level athlete , contorting his body and performing aerial feats gracefully .	has	Beast	talents
Because of his talents and training , Beast can outperform any Olympic-level athlete , contorting his body and performing aerial feats gracefully .	has	Beast	training
Because of his talents and training , Beast can outperform any Olympic-level athlete , contorting his body and performing aerial feats gracefully .	is contorting gracefully	Beast	his body
Because of his talents and training , Beast can outperform any Olympic-level athlete , contorting his body and performing aerial feats gracefully .	is performing gracefully	Beast	aerial feats
Bruce 's Justice Lord counterpart was happily married to Wonder Woman as well until her Justice Lord counterpart killed him .	was happily married to	Bruce 's Justice Lord counterpart	Wonder Woman
Bruce 's Justice Lord counterpart was happily married to Wonder Woman as well until her Justice Lord counterpart killed him .	had a	Bruce	Justice Lord counterpart
Bruce 's Justice Lord counterpart was happily married to Wonder Woman as well until her Justice Lord counterpart killed him .	was happily married until	Bruce 's Justice Lord counterpart	Wonder Woman's Justice Lord counterpart killed him
Bruce 's Justice Lord counterpart was happily married to Wonder Woman as well until her Justice Lord counterpart killed him .	had a	Wonder Woman	Justice Lord counterpart
Bruce 's Justice Lord counterpart was happily married to Wonder Woman as well until her Justice Lord counterpart killed him .	killed	Wonder Woman's Justice Lord counterpart	Bruce 's Justice Lord counterpart
By then , she was raising not only her own children but also her nephews , who had been orphaned by the plague .	she was raising not only her own children but also her nephews who had been	By then ,	orphaned by the plague
By then , she was raising not only her own children but also her nephews , who had been orphaned by the plague .	had been orphaned by	her nephews	the plague
By then , she was raising not only her own children but also her nephews , who had been orphaned by the plague .	she was raising not only her own children but also	By then	her nephews
As Attorney General he clashed with Daniel O'Connell when he insisted , against O'Connell wishes , on the appointment of Abraham Brewster as Law Adviser to the Lord Lieutenant of Ireland .	clashed with	he	Daniel O'Connell
As Attorney General he clashed with Daniel O'Connell when he insisted , against O'Connell wishes , on the appointment of Abraham Brewster as Law Adviser to the Lord Lieutenant of Ireland .	insisted on	he	the appointment of Abraham Brewster as Law Adviser to the Lord Lieutenant of Ireland
As Attorney General he clashed with Daniel O'Connell when he insisted , against O'Connell wishes , on the appointment of Abraham Brewster as Law Adviser to the Lord Lieutenant of Ireland .	was appointed as	Abraham Brewster	Law Adviser to the Lord Lieutenant of Ireland
As Attorney General he clashed with Daniel O'Connell when he insisted , against O'Connell wishes , on the appointment of Abraham Brewster as Law Adviser to the Lord Lieutenant of Ireland .	is of	the Lord Lieutenant	Ireland
As Attorney General he clashed with Daniel O'Connell when he insisted , against O'Connell wishes , on the appointment of Abraham Brewster as Law Adviser to the Lord Lieutenant of Ireland .	insisted , against wishes of	he	Daniel O'Connell
Burnham died of heart failure at the age of 86 , on September 1 , 1947 at his home in Santa , Barbara , California .	died of	Burnham	heart failure	at his home in Santa Barbara , California	on September 1 , 1947
Burnham died of heart failure at the age of 86 , on September 1 , 1947 at his home in Santa , Barbara , California .	died at the age of	Burnham	86	at his home in Santa Barbara , California	on September 1 , 1947
Burnham died of heart failure at the age of 86 , on September 1 , 1947 at his home in Santa , Barbara , California .	had his home in	Burnham	Santa Barbara , California
Burnham died of heart failure at the age of 86 , on September 1 , 1947 at his home in Santa , Barbara , California .	is in	Santa Barbara	California